epoch	lr	loss
1	0.001	2.08599477686
2	0.001	0.0441747601608
