epoch	lr	acc	loss	val_acc	val_loss
1	0.001	0.415519983433	1.63429787183	0.342299989611	3.55991060257
2	0.001	0.580459978282	1.17354944098	0.50609998107	1.73652777076
3	0.001	0.648239977121	0.989283062816	0.587799971998	1.44908594012
4	0.001	0.691959975898	0.87762737155	0.634899975061	1.23116927207
